{"cameraMode":{"drawMode":0,"name":"Shaded","section":"Shading Mode"},"sceneLighting":true,"audioPlay":false,"sceneViewState":{"m_AlwaysRefresh":false,"showFog":true,"showSkybox":true,"showFlares":true,"showImageEffects":true,"showParticleSystems":true,"showVisualEffectGraphs":true,"m_FxEnabled":true},"in2DMode":false,"pivot":{"x":0.013120686635375023,"y":-0.012271057814359665,"z":-0.0013471732381731272},"rotation":{"x":-0.022598596289753915,"y":0.9743207097053528,"z":-0.19275157153606416,"w":-0.11421991884708405},"size":10.036356925964356,"orthographic":false}